{
  "accuracy": 0.9294281729428173,
  "precision": 0.5217391304347826,
  "recall": 1.0,
  "f1_score": 0.6857142857142856,
  "roc_auc": 0.9999967151510374,
  "confusion_matrix": [
    [
      3056,
      253
    ],
    [
      0,
      276
    ]
  ],
  "individual_models": {
    "isolation_forest": {
      "accuracy": 0.07698744769874477,
      "precision": 0.07698744769874477,
      "recall": 1.0,
      "f1_score": 0.14296814296814297
    },
    "dbscan": {
      "accuracy": 0.34058577405857743,
      "precision": 0.10454545454545454,
      "recall": 1.0,
      "f1_score": 0.18930041152263374
    },
    "kmeans": {
      "accuracy": 0.8672245467224546,
      "precision": 0.36666666666666664,
      "recall": 0.9963768115942029,
      "f1_score": 0.5360623781676412
    },
    "gmm": {
      "accuracy": 0.9679218967921897,
      "precision": 0.9820359281437125,
      "recall": 0.5942028985507246,
      "f1_score": 0.7404063205417608
    },
    "one_class_svm": {
      "accuracy": 0.8605299860529986,
      "precision": 0.355297157622739,
      "recall": 0.9963768115942029,
      "f1_score": 0.5238095238095237
    },
    "autoencoder": {
      "accuracy": 0.9458856345885635,
      "precision": 0.5995145631067961,
      "recall": 0.894927536231884,
      "f1_score": 0.7180232558139533
    },
    "random_forest": {
      "accuracy": 0.998884239888424,
      "precision": 0.9892086330935251,
      "recall": 0.9963768115942029,
      "f1_score": 0.9927797833935018
    },
    "gradient_boosting": {
      "accuracy": 0.999721059972106,
      "precision": 0.9963898916967509,
      "recall": 1.0,
      "f1_score": 0.9981916817359855
    }
  }
}